question,expected,date,attempts
"Сравни рост функций: x^2 и 2^x","2^x растет быстрее","2025-10-27T11:04:24.516953+00:00",0
"Посчитай интеграл x^2 от 0 до 2","8/3","2025-10-27T11:04:24.520671+00:00",0
"Упростите выражение: (x+2)*(x-2)","x^2 - 4","2025-10-27T11:04:24.524325+00:00",0
"Сравни рост функций: x^2 и 2^x","2^x растет быстрее","2025-10-27T11:07:37.704310+00:00",0
"Посчитай интеграл x^2 от 0 до 2","8/3","2025-10-27T11:07:37.708220+00:00",0
"Упростите выражение: (x+2)*(x-2)","x^2 - 4","2025-10-27T11:07:37.711912+00:00",0
"Сравни рост функций: x^2 и 2^x","2^x растет быстрее","2025-10-27T11:14:32.793280+00:00",0
"Посчитай интеграл x^2 от 0 до 2","8/3","2025-10-27T11:14:32.793338+00:00",0
"Упростите выражение: (x+2)*(x-2)","x^2 - 4","2025-10-27T11:14:32.793390+00:00",0
"Сравни рост функций: x^2 и 2^x","2^x растет быстрее","2025-10-27T11:14:32.793442+00:00",0
"Посчитай интеграл x^2 от 0 до 2","8/3","2025-10-27T11:14:32.793485+00:00",0
"Упростите выражение: (x+2)*(x-2)","x^2 - 4","2025-10-27T11:14:32.793552+00:00",0
"Сравни рост функций: x^2 и 2^x","2^x растет быстрее","2025-10-27T11:18:19.492142+00:00",0
"Посчитай интеграл x^2 от 0 до 2","8/3","2025-10-27T11:18:19.492199+00:00",0
"Упростите выражение: (x+2)*(x-2)","x^2 - 4","2025-10-27T11:18:19.492243+00:00",0
"Сравни рост функций: x^2 и 2^x","2^x растет быстрее","2025-10-27T11:18:19.492285+00:00",0
"Посчитай интеграл x^2 от 0 до 2","8/3","2025-10-27T11:18:19.492326+00:00",0
"Упростите выражение: (x+2)*(x-2)","x^2 - 4","2025-10-27T11:18:19.492368+00:00",0
"Сравни рост функций: x^2 и 2^x","2^x растет быстрее","2025-10-27T11:18:19.492407+00:00",0
"Посчитай интеграл x^2 от 0 до 2","8/3","2025-10-27T11:18:19.492446+00:00",0
"Упростите выражение: (x+2)*(x-2)","x^2 - 4","2025-10-27T11:18:19.492484+00:00",0
"Сравни рост функций: x^2 и 2^x","2^x растет быстрее","2025-10-27T11:18:19.492522+00:00",0
"Посчитай интеграл x^2 от 0 до 2","8/3","2025-10-27T11:18:19.492560+00:00",0
"Упростите выражение: (x+2)*(x-2)","x^2 - 4","2025-10-27T11:18:19.492598+00:00",0
"Сравни рост функций: x^2 и 2^x","2^x растет быстрее","2025-10-27T11:58:04.785728+00:00",0
"Посчитай интеграл x^2 от 0 до 2","8/3","2025-10-27T11:58:04.785818+00:00",0
"Упростите выражение: (x+2)*(x-2)","x^2 - 4","2025-10-27T11:58:04.785878+00:00",0
"Сравни рост функций: x^2 и 2^x","2^x растет быстрее","2025-10-27T11:58:04.785920+00:00",0
"Посчитай интеграл x^2 от 0 до 2","8/3","2025-10-27T11:58:04.785964+00:00",0
"Упростите выражение: (x+2)*(x-2)","x^2 - 4","2025-10-27T11:58:04.786028+00:00",0
"Сравни рост функций: x^2 и 2^x","2^x растет быстрее","2025-10-27T11:58:04.786067+00:00",0
"Посчитай интеграл x^2 от 0 до 2","8/3","2025-10-27T11:58:04.786105+00:00",0
"Упростите выражение: (x+2)*(x-2)","x^2 - 4","2025-10-27T11:58:04.786144+00:00",0
"Сравни рост функций: x^2 и 2^x","2^x растет быстрее","2025-10-27T11:58:04.786181+00:00",0
"Посчитай интеграл x^2 от 0 до 2","8/3","2025-10-27T11:58:04.786218+00:00",0
"Упростите выражение: (x+2)*(x-2)","x^2 - 4","2025-10-27T11:58:04.786255+00:00",0
"Сравни рост функций: x^2 и 2^x","2^x растет быстрее","2025-10-27T11:58:04.786292+00:00",0
"Посчитай интеграл x^2 от 0 до 2","8/3","2025-10-27T11:58:04.786329+00:00",0
"Упростите выражение: (x+2)*(x-2)","x^2 - 4","2025-10-27T11:58:04.786366+00:00",0
"Сравни рост функций: x^2 и 2^x","2^x растет быстрее","2025-10-27T11:58:04.786423+00:00",0
"Посчитай интеграл x^2 от 0 до 2","8/3","2025-10-27T11:58:04.786474+00:00",0
"Упростите выражение: (x+2)*(x-2)","x^2 - 4","2025-10-27T11:58:04.786533+00:00",0
"Сравни рост функций: x^2 и 2^x","2^x растет быстрее","2025-10-27T11:58:04.786592+00:00",0
"Посчитай интеграл x^2 от 0 до 2","8/3","2025-10-27T11:58:04.786633+00:00",0
"Упростите выражение: (x+2)*(x-2)","x^2 - 4","2025-10-27T11:58:04.786673+00:00",0
"Сравни рост функций: x^2 и 2^x","2^x растет быстрее","2025-10-27T11:58:04.786712+00:00",0
"Посчитай интеграл x^2 от 0 до 2","8/3","2025-10-27T11:58:04.786758+00:00",0
"Упростите выражение: (x+2)*(x-2)","x^2 - 4","2025-10-27T11:58:04.786812+00:00",0
"Сравни рост функций: x^2 и 2^x","2^x растет быстрее","2025-10-27T12:00:46.098048+00:00",0
"Посчитай интеграл x^2 от 0 до 2","8/3","2025-10-27T12:00:46.098112+00:00",0
"Упростите выражение: (x+2)*(x-2)","x^2 - 4","2025-10-27T12:00:46.098169+00:00",0
"Сравни рост функций: x^2 и 2^x","2^x растет быстрее","2025-10-27T12:00:46.098223+00:00",0
"Посчитай интеграл x^2 от 0 до 2","8/3","2025-10-27T12:00:46.098277+00:00",0
"Упростите выражение: (x+2)*(x-2)","x^2 - 4","2025-10-27T12:00:46.098332+00:00",0
"Сравни рост функций: x^2 и 2^x","2^x растет быстрее","2025-10-27T12:00:46.098385+00:00",0
"Посчитай интеграл x^2 от 0 до 2","8/3","2025-10-27T12:00:46.098434+00:00",0
"Упростите выражение: (x+2)*(x-2)","x^2 - 4","2025-10-27T12:00:46.098486+00:00",0
"Сравни рост функций: x^2 и 2^x","2^x растет быстрее","2025-10-27T12:00:46.098533+00:00",0
"Посчитай интеграл x^2 от 0 до 2","8/3","2025-10-27T12:00:46.098585+00:00",0
"Упростите выражение: (x+2)*(x-2)","x^2 - 4","2025-10-27T12:00:46.098669+00:00",0
"Сравни рост функций: x^2 и 2^x","2^x растет быстрее","2025-10-27T12:00:46.098730+00:00",0
"Посчитай интеграл x^2 от 0 до 2","8/3","2025-10-27T12:00:46.098783+00:00",0
"Упростите выражение: (x+2)*(x-2)","x^2 - 4","2025-10-27T12:00:46.098834+00:00",0
"Сравни рост функций: x^2 и 2^x","2^x растет быстрее","2025-10-27T12:00:46.098876+00:00",0
"Посчитай интеграл x^2 от 0 до 2","8/3","2025-10-27T12:00:46.098917+00:00",0
"Упростите выражение: (x+2)*(x-2)","x^2 - 4","2025-10-27T12:00:46.098957+00:00",0
"Сравни рост функций: x^2 и 2^x","2^x растет быстрее","2025-10-27T12:00:46.099001+00:00",0
"Посчитай интеграл x^2 от 0 до 2","8/3","2025-10-27T12:00:46.099040+00:00",0
"Упростите выражение: (x+2)*(x-2)","x^2 - 4","2025-10-27T12:00:46.099085+00:00",0
"Сравни рост функций: x^2 и 2^x","2^x растет быстрее","2025-10-27T12:00:46.099134+00:00",0
"Посчитай интеграл x^2 от 0 до 2","8/3","2025-10-27T12:00:46.099181+00:00",0
"Упростите выражение: (x+2)*(x-2)","x^2 - 4","2025-10-27T12:00:46.099234+00:00",0
"Сравни рост функций: x^2 и 2^x","2^x растет быстрее","2025-10-27T12:00:46.099277+00:00",0
"Посчитай интеграл x^2 от 0 до 2","8/3","2025-10-27T12:00:46.099316+00:00",0
"Упростите выражение: (x+2)*(x-2)","x^2 - 4","2025-10-27T12:00:46.099355+00:00",0
"Сравни рост функций: x^2 и 2^x","2^x растет быстрее","2025-10-27T12:00:46.099392+00:00",0
"Посчитай интеграл x^2 от 0 до 2","8/3","2025-10-27T12:00:46.099433+00:00",0
"Упростите выражение: (x+2)*(x-2)","x^2 - 4","2025-10-27T12:00:46.099499+00:00",0
"Сравни рост функций: x^2 и 2^x","2^x растет быстрее","2025-10-27T12:00:46.099539+00:00",0
"Посчитай интеграл x^2 от 0 до 2","8/3","2025-10-27T12:00:46.099579+00:00",0
"Упростите выражение: (x+2)*(x-2)","x^2 - 4","2025-10-27T12:00:46.099619+00:00",0
"Сравни рост функций: x^2 и 2^x","2^x растет быстрее","2025-10-27T12:00:46.099657+00:00",0
"Посчитай интеграл x^2 от 0 до 2","8/3","2025-10-27T12:00:46.099694+00:00",0
"Упростите выражение: (x+2)*(x-2)","x^2 - 4","2025-10-27T12:00:46.099734+00:00",0
"Сравни рост функций: x^2 и 2^x","2^x растет быстрее","2025-10-27T12:00:46.099772+00:00",0
"Посчитай интеграл x^2 от 0 до 2","8/3","2025-10-27T12:00:46.099811+00:00",0
"Упростите выражение: (x+2)*(x-2)","x^2 - 4","2025-10-27T12:00:46.099851+00:00",0
"Сравни рост функций: x^2 и 2^x","2^x растет быстрее","2025-10-27T12:00:46.099889+00:00",0
"Посчитай интеграл x^2 от 0 до 2","8/3","2025-10-27T12:00:46.099927+00:00",0
"Упростите выражение: (x+2)*(x-2)","x^2 - 4","2025-10-27T12:00:46.099966+00:00",0
"Сравни рост функций: x^2 и 2^x","2^x растет быстрее","2025-10-27T12:00:46.100005+00:00",0
"Посчитай интеграл x^2 от 0 до 2","8/3","2025-10-27T12:00:46.100043+00:00",0
"Упростите выражение: (x+2)*(x-2)","x^2 - 4","2025-10-27T12:00:46.100082+00:00",0
"Сравни рост функций: x^2 и 2^x","2^x растет быстрее","2025-10-27T12:00:46.100120+00:00",0
"Посчитай интеграл x^2 от 0 до 2","8/3","2025-10-27T12:00:46.100159+00:00",0
"Упростите выражение: (x+2)*(x-2)","x^2 - 4","2025-10-27T12:00:46.100198+00:00",0
"Сравни рост функций: x^2 и 2^x","2^x растет быстрее","2025-10-27T12:03:43.922039+00:00",0
"Посчитай интеграл x^2 от 0 до 2","8/3","2025-10-27T12:03:43.922097+00:00",0
"Упростите выражение: (x+2)*(x-2)","x^2 - 4","2025-10-27T12:03:43.922146+00:00",0
"Сравни рост функций: x^2 и 2^x","2^x растет быстрее","2025-10-27T12:03:43.922193+00:00",0
"Посчитай интеграл x^2 от 0 до 2","8/3","2025-10-27T12:03:43.922247+00:00",0
"Упростите выражение: (x+2)*(x-2)","x^2 - 4","2025-10-27T12:03:43.922294+00:00",0
"Сравни рост функций: x^2 и 2^x","2^x растет быстрее","2025-10-27T12:03:43.922339+00:00",0
"Посчитай интеграл x^2 от 0 до 2","8/3","2025-10-27T12:03:43.922393+00:00",0
"Упростите выражение: (x+2)*(x-2)","x^2 - 4","2025-10-27T12:03:43.922445+00:00",0
"Сравни рост функций: x^2 и 2^x","2^x растет быстрее","2025-10-27T12:03:43.922489+00:00",0
"Посчитай интеграл x^2 от 0 до 2","8/3","2025-10-27T12:03:43.922540+00:00",0
"Упростите выражение: (x+2)*(x-2)","x^2 - 4","2025-10-27T12:03:43.922592+00:00",0
"Сравни рост функций: x^2 и 2^x","2^x растет быстрее","2025-10-27T12:03:43.922644+00:00",0
"Посчитай интеграл x^2 от 0 до 2","8/3","2025-10-27T12:03:43.922695+00:00",0
"Упростите выражение: (x+2)*(x-2)","x^2 - 4","2025-10-27T12:03:43.922746+00:00",0
"Сравни рост функций: x^2 и 2^x","2^x растет быстрее","2025-10-27T12:03:43.922797+00:00",0
"Посчитай интеграл x^2 от 0 до 2","8/3","2025-10-27T12:03:43.922848+00:00",0
"Упростите выражение: (x+2)*(x-2)","x^2 - 4","2025-10-27T12:03:43.922899+00:00",0
"Сравни рост функций: x^2 и 2^x","2^x растет быстрее","2025-10-27T12:03:43.922944+00:00",0
"Посчитай интеграл x^2 от 0 до 2","8/3","2025-10-27T12:03:43.922996+00:00",0
"Упростите выражение: (x+2)*(x-2)","x^2 - 4","2025-10-27T12:03:43.923085+00:00",0
"Сравни рост функций: x^2 и 2^x","2^x растет быстрее","2025-10-27T12:03:43.923136+00:00",0
"Посчитай интеграл x^2 от 0 до 2","8/3","2025-10-27T12:03:43.923197+00:00",0
"Упростите выражение: (x+2)*(x-2)","x^2 - 4","2025-10-27T12:03:43.923251+00:00",0
"Сравни рост функций: x^2 и 2^x","2^x растет быстрее","2025-10-27T12:03:43.923306+00:00",0
"Посчитай интеграл x^2 от 0 до 2","8/3","2025-10-27T12:03:43.923352+00:00",0
"Упростите выражение: (x+2)*(x-2)","x^2 - 4","2025-10-27T12:03:43.923430+00:00",0
"Сравни рост функций: x^2 и 2^x","2^x растет быстрее","2025-10-27T12:03:43.923498+00:00",0
"Посчитай интеграл x^2 от 0 до 2","8/3","2025-10-27T12:03:43.923566+00:00",0
"Упростите выражение: (x+2)*(x-2)","x^2 - 4","2025-10-27T12:03:43.923617+00:00",0
"Сравни рост функций: x^2 и 2^x","2^x растет быстрее","2025-10-27T12:03:43.923668+00:00",0
"Посчитай интеграл x^2 от 0 до 2","8/3","2025-10-27T12:03:43.923718+00:00",0
"Упростите выражение: (x+2)*(x-2)","x^2 - 4","2025-10-27T12:03:43.923787+00:00",0
"Сравни рост функций: x^2 и 2^x","2^x растет быстрее","2025-10-27T12:03:43.923855+00:00",0
"Посчитай интеграл x^2 от 0 до 2","8/3","2025-10-27T12:03:43.923906+00:00",0
"Упростите выражение: (x+2)*(x-2)","x^2 - 4","2025-10-27T12:03:43.923957+00:00",0
"Сравни рост функций: x^2 и 2^x","2^x растет быстрее","2025-10-27T12:03:43.924007+00:00",0
"Посчитай интеграл x^2 от 0 до 2","8/3","2025-10-27T12:03:43.924058+00:00",0
"Упростите выражение: (x+2)*(x-2)","x^2 - 4","2025-10-27T12:03:43.924111+00:00",0
"Сравни рост функций: x^2 и 2^x","2^x растет быстрее","2025-10-27T12:03:43.924155+00:00",0
"Посчитай интеграл x^2 от 0 до 2","8/3","2025-10-27T12:03:43.924221+00:00",0
"Упростите выражение: (x+2)*(x-2)","x^2 - 4","2025-10-27T12:03:43.924276+00:00",0
"Сравни рост функций: x^2 и 2^x","2^x растет быстрее","2025-10-27T12:03:43.924330+00:00",0
"Посчитай интеграл x^2 от 0 до 2","8/3","2025-10-27T12:03:43.924398+00:00",0
"Упростите выражение: (x+2)*(x-2)","x^2 - 4","2025-10-27T12:03:43.924449+00:00",0
"Сравни рост функций: x^2 и 2^x","2^x растет быстрее","2025-10-27T12:03:43.924500+00:00",0
"Посчитай интеграл x^2 от 0 до 2","8/3","2025-10-27T12:03:43.924550+00:00",0
"Упростите выражение: (x+2)*(x-2)","x^2 - 4","2025-10-27T12:03:43.924602+00:00",0
"Сравни рост функций: x^2 и 2^x","2^x растет быстрее","2025-10-27T12:03:43.924649+00:00",0
"Посчитай интеграл x^2 от 0 до 2","8/3","2025-10-27T12:03:43.924715+00:00",0
"Упростите выражение: (x+2)*(x-2)","x^2 - 4","2025-10-27T12:03:43.924768+00:00",0
"Сравни рост функций: x^2 и 2^x","2^x растет быстрее","2025-10-27T12:03:43.924818+00:00",0
"Посчитай интеграл x^2 от 0 до 2","8/3","2025-10-27T12:03:43.924864+00:00",0
"Упростите выражение: (x+2)*(x-2)","x^2 - 4","2025-10-27T12:03:43.924931+00:00",0
"Сравни рост функций: x^2 и 2^x","2^x растет быстрее","2025-10-27T12:03:43.924981+00:00",0
"Посчитай интеграл x^2 от 0 до 2","8/3","2025-10-27T12:03:43.925027+00:00",0
"Упростите выражение: (x+2)*(x-2)","x^2 - 4","2025-10-27T12:03:43.925089+00:00",0
"Сравни рост функций: x^2 и 2^x","2^x растет быстрее","2025-10-27T12:03:43.925129+00:00",0
"Посчитай интеграл x^2 от 0 до 2","8/3","2025-10-27T12:03:43.925191+00:00",0
"Упростите выражение: (x+2)*(x-2)","x^2 - 4","2025-10-27T12:03:43.925227+00:00",0
"Сравни рост функций: x^2 и 2^x","2^x растет быстрее","2025-10-27T12:03:43.925265+00:00",0
"Посчитай интеграл x^2 от 0 до 2","8/3","2025-10-27T12:03:43.925304+00:00",0
"Упростите выражение: (x+2)*(x-2)","x^2 - 4","2025-10-27T12:03:43.925343+00:00",0
"Сравни рост функций: x^2 и 2^x","2^x растет быстрее","2025-10-27T12:03:43.925380+00:00",0
"Посчитай интеграл x^2 от 0 до 2","8/3","2025-10-27T12:03:43.925418+00:00",0
"Упростите выражение: (x+2)*(x-2)","x^2 - 4","2025-10-27T12:03:43.925456+00:00",0
"Сравни рост функций: x^2 и 2^x","2^x растет быстрее","2025-10-27T12:03:43.925493+00:00",0
"Посчитай интеграл x^2 от 0 до 2","8/3","2025-10-27T12:03:43.925531+00:00",0
"Упростите выражение: (x+2)*(x-2)","x^2 - 4","2025-10-27T12:03:43.925566+00:00",0
"Сравни рост функций: x^2 и 2^x","2^x растет быстрее","2025-10-27T12:03:43.925603+00:00",0
"Посчитай интеграл x^2 от 0 до 2","8/3","2025-10-27T12:03:43.925641+00:00",0
"Упростите выражение: (x+2)*(x-2)","x^2 - 4","2025-10-27T12:03:43.925679+00:00",0
"Сравни рост функций: x^2 и 2^x","2^x растет быстрее","2025-10-27T12:03:43.925717+00:00",0
"Посчитай интеграл x^2 от 0 до 2","8/3","2025-10-27T12:03:43.925755+00:00",0
"Упростите выражение: (x+2)*(x-2)","x^2 - 4","2025-10-27T12:03:43.925793+00:00",0
"Сравни рост функций: x^2 и 2^x","2^x растет быстрее","2025-10-27T12:03:43.925827+00:00",0
"Посчитай интеграл x^2 от 0 до 2","8/3","2025-10-27T12:03:43.925862+00:00",0
"Упростите выражение: (x+2)*(x-2)","x^2 - 4","2025-10-27T12:03:43.925904+00:00",0
"Сравни рост функций: x^2 и 2^x","2^x растет быстрее","2025-10-27T12:03:43.925945+00:00",0
"Посчитай интеграл x^2 от 0 до 2","8/3","2025-10-27T12:03:43.925986+00:00",0
"Упростите выражение: (x+2)*(x-2)","x^2 - 4","2025-10-27T12:03:43.926025+00:00",0
"Сравни рост функций: x^2 и 2^x","2^x растет быстрее","2025-10-27T12:03:43.926066+00:00",0
"Посчитай интеграл x^2 от 0 до 2","8/3","2025-10-27T12:03:43.926107+00:00",0
"Упростите выражение: (x+2)*(x-2)","x^2 - 4","2025-10-27T12:03:43.926150+00:00",0
"Сравни рост функций: x^2 и 2^x","2^x растет быстрее","2025-10-27T12:03:43.926191+00:00",0
"Посчитай интеграл x^2 от 0 до 2","8/3","2025-10-27T12:03:43.926232+00:00",0
"Упростите выражение: (x+2)*(x-2)","x^2 - 4","2025-10-27T12:03:43.926271+00:00",0
"Сравни рост функций: x^2 и 2^x","2^x растет быстрее","2025-10-27T12:03:43.926308+00:00",0
"Посчитай интеграл x^2 от 0 до 2","8/3","2025-10-27T12:03:43.926345+00:00",0
"Упростите выражение: (x+2)*(x-2)","x^2 - 4","2025-10-27T12:03:43.926383+00:00",0
"Сравни рост функций: x^2 и 2^x","2^x растет быстрее","2025-10-27T12:03:43.926420+00:00",0
"Посчитай интеграл x^2 от 0 до 2","8/3","2025-10-27T12:03:43.926458+00:00",0
"Упростите выражение: (x+2)*(x-2)","x^2 - 4","2025-10-27T12:03:43.926496+00:00",0
"Сравни рост функций: x^2 и 2^x","2^x растет быстрее","2025-10-27T12:03:43.926533+00:00",0
"Посчитай интеграл x^2 от 0 до 2","8/3","2025-10-27T12:03:43.926568+00:00",0
"Упростите выражение: (x+2)*(x-2)","x^2 - 4","2025-10-27T12:03:43.926606+00:00",0
"Сравни рост функций: x^2 и 2^x","2^x растет быстрее","2025-10-27T12:09:07.487831+00:00",0
"Посчитай интеграл x^2 от 0 до 2","8/3","2025-10-27T12:09:07.487924+00:00",0
"Упростите выражение: (x+2)*(x-2)","x^2 - 4","2025-10-27T12:09:07.487981+00:00",0
"Сравни рост функций: x^2 и 2^x","2^x растет быстрее","2025-10-27T12:09:07.488032+00:00",0
"Посчитай интеграл x^2 от 0 до 2","8/3","2025-10-27T12:09:07.488081+00:00",0
"Упростите выражение: (x+2)*(x-2)","x^2 - 4","2025-10-27T12:09:07.488127+00:00",0
"Сравни рост функций: x^2 и 2^x","2^x растет быстрее","2025-10-27T12:09:07.488188+00:00",0
"Посчитай интеграл x^2 от 0 до 2","8/3","2025-10-27T12:09:07.488237+00:00",0
"Упростите выражение: (x+2)*(x-2)","x^2 - 4","2025-10-27T12:09:07.488287+00:00",0
"Сравни рост функций: x^2 и 2^x","2^x растет быстрее","2025-10-27T12:09:07.488334+00:00",0
"Посчитай интеграл x^2 от 0 до 2","8/3","2025-10-27T12:09:07.488384+00:00",0
"Упростите выражение: (x+2)*(x-2)","x^2 - 4","2025-10-27T12:09:07.488433+00:00",0
"Сравни рост функций: x^2 и 2^x","2^x растет быстрее","2025-10-27T12:09:07.488481+00:00",0
"Посчитай интеграл x^2 от 0 до 2","8/3","2025-10-27T12:09:07.488531+00:00",0
"Упростите выражение: (x+2)*(x-2)","x^2 - 4","2025-10-27T12:09:07.488587+00:00",0
"Сравни рост функций: x^2 и 2^x","2^x растет быстрее","2025-10-27T12:09:07.488639+00:00",0
"Посчитай интеграл x^2 от 0 до 2","8/3","2025-10-27T12:09:07.488689+00:00",0
"Упростите выражение: (x+2)*(x-2)","x^2 - 4","2025-10-27T12:09:07.488740+00:00",0
"Сравни рост функций: x^2 и 2^x","2^x растет быстрее","2025-10-27T12:09:07.488790+00:00",0
"Посчитай интеграл x^2 от 0 до 2","8/3","2025-10-27T12:09:07.488848+00:00",0
"Упростите выражение: (x+2)*(x-2)","x^2 - 4","2025-10-27T12:09:07.488889+00:00",0
"Сравни рост функций: x^2 и 2^x","2^x растет быстрее","2025-10-27T12:09:07.488950+00:00",0
"Посчитай интеграл x^2 от 0 до 2","8/3","2025-10-27T12:09:07.489+00:00",0
"Упростите выражение: (x+2)*(x-2)","x^2 - 4","2025-10-27T12:09:07.489053+00:00",0
"Сравни рост функций: x^2 и 2^x","2^x растет быстрее","2025-10-27T12:09:07.489095+00:00",0
"Посчитай интеграл x^2 от 0 до 2","8/3","2025-10-27T12:09:07.489145+00:00",0
"Упростите выражение: (x+2)*(x-2)","x^2 - 4","2025-10-27T12:09:07.489197+00:00",0
"Сравни рост функций: x^2 и 2^x","2^x растет быстрее","2025-10-27T12:09:07.489249+00:00",0
"Посчитай интеграл x^2 от 0 до 2","8/3","2025-10-27T12:09:07.489299+00:00",0
"Упростите выражение: (x+2)*(x-2)","x^2 - 4","2025-10-27T12:09:07.489350+00:00",0
"Сравни рост функций: x^2 и 2^x","2^x растет быстрее","2025-10-27T12:09:07.489399+00:00",0
"Посчитай интеграл x^2 от 0 до 2","8/3","2025-10-27T12:09:07.489456+00:00",0
"Упростите выражение: (x+2)*(x-2)","x^2 - 4","2025-10-27T12:09:07.489504+00:00",0
"Сравни рост функций: x^2 и 2^x","2^x растет быстрее","2025-10-27T12:09:07.489552+00:00",0
"Посчитай интеграл x^2 от 0 до 2","8/3","2025-10-27T12:09:07.489602+00:00",0
"Упростите выражение: (x+2)*(x-2)","x^2 - 4","2025-10-27T12:09:07.489650+00:00",0
"Сравни рост функций: x^2 и 2^x","2^x растет быстрее","2025-10-27T12:09:07.489697+00:00",0
"Посчитай интеграл x^2 от 0 до 2","8/3","2025-10-27T12:09:07.489745+00:00",0
"Упростите выражение: (x+2)*(x-2)","x^2 - 4","2025-10-27T12:09:07.489795+00:00",0
"Сравни рост функций: x^2 и 2^x","2^x растет быстрее","2025-10-27T12:09:07.489854+00:00",0
"Посчитай интеграл x^2 от 0 до 2","8/3","2025-10-27T12:09:07.489891+00:00",0
"Упростите выражение: (x+2)*(x-2)","x^2 - 4","2025-10-27T12:09:07.489930+00:00",0
"Сравни рост функций: x^2 и 2^x","2^x растет быстрее","2025-10-27T12:09:07.489967+00:00",0
"Посчитай интеграл x^2 от 0 до 2","8/3","2025-10-27T12:09:07.490005+00:00",0
"Упростите выражение: (x+2)*(x-2)","x^2 - 4","2025-10-27T12:09:07.490043+00:00",0
"Сравни рост функций: x^2 и 2^x","2^x растет быстрее","2025-10-27T12:09:07.490080+00:00",0
"Посчитай интеграл x^2 от 0 до 2","8/3","2025-10-27T12:09:07.490118+00:00",0
"Упростите выражение: (x+2)*(x-2)","x^2 - 4","2025-10-27T12:09:07.490156+00:00",0
"Сравни рост функций: x^2 и 2^x","2^x растет быстрее","2025-10-27T12:09:07.490193+00:00",0
"Посчитай интеграл x^2 от 0 до 2","8/3","2025-10-27T12:09:07.490230+00:00",0
"Упростите выражение: (x+2)*(x-2)","x^2 - 4","2025-10-27T12:09:07.490268+00:00",0
"Сравни рост функций: x^2 и 2^x","2^x растет быстрее","2025-10-27T12:09:07.490305+00:00",0
"Посчитай интеграл x^2 от 0 до 2","8/3","2025-10-27T12:09:07.490342+00:00",0
"Упростите выражение: (x+2)*(x-2)","x^2 - 4","2025-10-27T12:09:07.490379+00:00",0
"Сравни рост функций: x^2 и 2^x","2^x растет быстрее","2025-10-27T12:09:07.490416+00:00",0
"Посчитай интеграл x^2 от 0 до 2","8/3","2025-10-27T12:09:07.490454+00:00",0
"Упростите выражение: (x+2)*(x-2)","x^2 - 4","2025-10-27T12:09:07.490492+00:00",0
"Сравни рост функций: x^2 и 2^x","2^x растет быстрее","2025-10-27T12:09:07.490528+00:00",0
"Посчитай интеграл x^2 от 0 до 2","8/3","2025-10-27T12:09:07.490565+00:00",0
"Упростите выражение: (x+2)*(x-2)","x^2 - 4","2025-10-27T12:09:07.490603+00:00",0
"Сравни рост функций: x^2 и 2^x","2^x растет быстрее","2025-10-27T12:09:07.490639+00:00",0
"Посчитай интеграл x^2 от 0 до 2","8/3","2025-10-27T12:09:07.490679+00:00",0
"Упростите выражение: (x+2)*(x-2)","x^2 - 4","2025-10-27T12:09:07.490720+00:00",0
"Сравни рост функций: x^2 и 2^x","2^x растет быстрее","2025-10-27T12:09:07.490760+00:00",0
"Посчитай интеграл x^2 от 0 до 2","8/3","2025-10-27T12:09:07.490798+00:00",0
"Упростите выражение: (x+2)*(x-2)","x^2 - 4","2025-10-27T12:09:07.490836+00:00",0
"Сравни рост функций: x^2 и 2^x","2^x растет быстрее","2025-10-27T12:09:07.490872+00:00",0
"Посчитай интеграл x^2 от 0 до 2","8/3","2025-10-27T12:09:07.490909+00:00",0
"Упростите выражение: (x+2)*(x-2)","x^2 - 4","2025-10-27T12:09:07.490946+00:00",0
"Сравни рост функций: x^2 и 2^x","2^x растет быстрее","2025-10-27T12:09:07.490983+00:00",0
"Посчитай интеграл x^2 от 0 до 2","8/3","2025-10-27T12:09:07.491021+00:00",0
"Упростите выражение: (x+2)*(x-2)","x^2 - 4","2025-10-27T12:09:07.491058+00:00",0
"Сравни рост функций: x^2 и 2^x","2^x растет быстрее","2025-10-27T12:09:07.491095+00:00",0
"Посчитай интеграл x^2 от 0 до 2","8/3","2025-10-27T12:09:07.491133+00:00",0
"Упростите выражение: (x+2)*(x-2)","x^2 - 4","2025-10-27T12:09:07.491175+00:00",0
"Сравни рост функций: x^2 и 2^x","2^x растет быстрее","2025-10-27T12:09:07.491215+00:00",0
"Посчитай интеграл x^2 от 0 до 2","8/3","2025-10-27T12:09:07.491256+00:00",0
"Упростите выражение: (x+2)*(x-2)","x^2 - 4","2025-10-27T12:09:07.491295+00:00",0
"Сравни рост функций: x^2 и 2^x","2^x растет быстрее","2025-10-27T12:09:07.491342+00:00",0
"Посчитай интеграл x^2 от 0 до 2","8/3","2025-10-27T12:09:07.491380+00:00",0
"Упростите выражение: (x+2)*(x-2)","x^2 - 4","2025-10-27T12:09:07.491419+00:00",0
"Сравни рост функций: x^2 и 2^x","2^x растет быстрее","2025-10-27T12:09:07.491460+00:00",0
"Посчитай интеграл x^2 от 0 до 2","8/3","2025-10-27T12:09:07.491503+00:00",0
"Упростите выражение: (x+2)*(x-2)","x^2 - 4","2025-10-27T12:09:07.491547+00:00",0
"Сравни рост функций: x^2 и 2^x","2^x растет быстрее","2025-10-27T12:09:07.491589+00:00",0
"Посчитай интеграл x^2 от 0 до 2","8/3","2025-10-27T12:09:07.491631+00:00",0
"Упростите выражение: (x+2)*(x-2)","x^2 - 4","2025-10-27T12:09:07.491674+00:00",0
"Сравни рост функций: x^2 и 2^x","2^x растет быстрее","2025-10-27T12:09:07.491712+00:00",0
"Посчитай интеграл x^2 от 0 до 2","8/3","2025-10-27T12:09:07.491751+00:00",0
"Упростите выражение: (x+2)*(x-2)","x^2 - 4","2025-10-27T12:09:07.491790+00:00",0
"Сравни рост функций: x^2 и 2^x","2^x растет быстрее","2025-10-27T12:09:07.491827+00:00",0
"Посчитай интеграл x^2 от 0 до 2","8/3","2025-10-27T12:09:07.491866+00:00",0
"Упростите выражение: (x+2)*(x-2)","x^2 - 4","2025-10-27T12:09:07.491904+00:00",0
"Сравни рост функций: x^2 и 2^x","2^x растет быстрее","2025-10-27T12:09:07.491942+00:00",0
"Посчитай интеграл x^2 от 0 до 2","8/3","2025-10-27T12:09:07.491980+00:00",0
"Упростите выражение: (x+2)*(x-2)","x^2 - 4","2025-10-27T12:09:07.492019+00:00",0
"Сравни рост функций: x^2 и 2^x","2^x растет быстрее","2025-10-27T12:09:07.492057+00:00",0
"Посчитай интеграл x^2 от 0 до 2","8/3","2025-10-27T12:09:07.492095+00:00",0
"Упростите выражение: (x+2)*(x-2)","x^2 - 4","2025-10-27T12:09:07.492134+00:00",0
"Сравни рост функций: x^2 и 2^x","2^x растет быстрее","2025-10-27T12:09:07.492174+00:00",0
"Посчитай интеграл x^2 от 0 до 2","8/3","2025-10-27T12:09:07.492216+00:00",0
"Упростите выражение: (x+2)*(x-2)","x^2 - 4","2025-10-27T12:09:07.492259+00:00",0
"Сравни рост функций: x^2 и 2^x","2^x растет быстрее","2025-10-27T12:09:07.492298+00:00",0
"Посчитай интеграл x^2 от 0 до 2","8/3","2025-10-27T12:09:07.492336+00:00",0
"Упростите выражение: (x+2)*(x-2)","x^2 - 4","2025-10-27T12:09:07.492375+00:00",0
"Сравни рост функций: x^2 и 2^x","2^x растет быстрее","2025-10-27T12:09:07.492413+00:00",0
"Посчитай интеграл x^2 от 0 до 2","8/3","2025-10-27T12:09:07.492455+00:00",0
"Упростите выражение: (x+2)*(x-2)","x^2 - 4","2025-10-27T12:09:07.492498+00:00",0
"Сравни рост функций: x^2 и 2^x","2^x растет быстрее","2025-10-27T12:09:07.492545+00:00",0
"Посчитай интеграл x^2 от 0 до 2","8/3","2025-10-27T12:09:07.492588+00:00",0
"Упростите выражение: (x+2)*(x-2)","x^2 - 4","2025-10-27T12:09:07.492630+00:00",0
"Сравни рост функций: x^2 и 2^x","2^x растет быстрее","2025-10-27T12:09:07.492672+00:00",0
"Посчитай интеграл x^2 от 0 до 2","8/3","2025-10-27T12:09:07.492711+00:00",0
"Упростите выражение: (x+2)*(x-2)","x^2 - 4","2025-10-27T12:09:07.492750+00:00",0
"Сравни рост функций: x^2 и 2^x","2^x растет быстрее","2025-10-27T12:09:07.492788+00:00",0
"Посчитай интеграл x^2 от 0 до 2","8/3","2025-10-27T12:09:07.492826+00:00",0
"Упростите выражение: (x+2)*(x-2)","x^2 - 4","2025-10-27T12:09:07.492891+00:00",0
"Сравни рост функций: x^2 и 2^x","2^x растет быстрее","2025-10-27T12:09:07.492925+00:00",0
"Посчитай интеграл x^2 от 0 до 2","8/3","2025-10-27T12:09:07.492959+00:00",0
"Упростите выражение: (x+2)*(x-2)","x^2 - 4","2025-10-27T12:09:07.492994+00:00",0
"Сравни рост функций: x^2 и 2^x","2^x растет быстрее","2025-10-27T12:09:07.493027+00:00",0
"Посчитай интеграл x^2 от 0 до 2","8/3","2025-10-27T12:09:07.493061+00:00",0
"Упростите выражение: (x+2)*(x-2)","x^2 - 4","2025-10-27T12:09:07.493096+00:00",0
"Сравни рост функций: x^2 и 2^x","2^x растет быстрее","2025-10-27T12:09:07.493129+00:00",0
"Посчитай интеграл x^2 от 0 до 2","8/3","2025-10-27T12:09:07.493164+00:00",0
"Упростите выражение: (x+2)*(x-2)","x^2 - 4","2025-10-27T12:09:07.493203+00:00",0
"Сравни рост функций: x^2 и 2^x","2^x растет быстрее","2025-10-27T12:09:07.493240+00:00",0
"Посчитай интеграл x^2 от 0 до 2","8/3","2025-10-27T12:09:07.493276+00:00",0
"Упростите выражение: (x+2)*(x-2)","x^2 - 4","2025-10-27T12:09:07.493311+00:00",0
"Сравни рост функций: x^2 и 2^x","2^x растет быстрее","2025-10-27T12:09:07.493344+00:00",0
"Посчитай интеграл x^2 от 0 до 2","8/3","2025-10-27T12:09:07.493386+00:00",0
"Упростите выражение: (x+2)*(x-2)","x^2 - 4","2025-10-27T12:09:07.493421+00:00",0
"Сравни рост функций: x^2 и 2^x","2^x растет быстрее","2025-10-27T12:09:07.493456+00:00",0
"Посчитай интеграл x^2 от 0 до 2","8/3","2025-10-27T12:09:07.493496+00:00",0
"Упростите выражение: (x+2)*(x-2)","x^2 - 4","2025-10-27T12:09:07.493535+00:00",0
"Сравни рост функций: x^2 и 2^x","2^x растет быстрее","2025-10-27T12:09:07.493619+00:00",0
"Посчитай интеграл x^2 от 0 до 2","8/3","2025-10-27T12:09:07.493674+00:00",0
"Упростите выражение: (x+2)*(x-2)","x^2 - 4","2025-10-27T12:09:07.493722+00:00",0
"Сравни рост функций: x^2 и 2^x","2^x растет быстрее","2025-10-27T12:09:07.493767+00:00",0
"Посчитай интеграл x^2 от 0 до 2","8/3","2025-10-27T12:09:07.493811+00:00",0
"Упростите выражение: (x+2)*(x-2)","x^2 - 4","2025-10-27T12:09:07.493854+00:00",0
"Сравни рост функций: x^2 и 2^x","2^x растет быстрее","2025-10-27T12:09:07.493896+00:00",0
"Посчитай интеграл x^2 от 0 до 2","8/3","2025-10-27T12:09:07.493937+00:00",0
"Упростите выражение: (x+2)*(x-2)","x^2 - 4","2025-10-27T12:09:07.493978+00:00",0
"Сравни рост функций: x^2 и 2^x","2^x растет быстрее","2025-10-27T12:09:07.494018+00:00",0
"Посчитай интеграл x^2 от 0 до 2","8/3","2025-10-27T12:09:07.494059+00:00",0
"Упростите выражение: (x+2)*(x-2)","x^2 - 4","2025-10-27T12:09:07.494100+00:00",0
"Сравни рост функций: x^2 и 2^x","2^x растет быстрее","2025-10-27T12:09:07.494139+00:00",0
"Посчитай интеграл x^2 от 0 до 2","8/3","2025-10-27T12:09:07.494179+00:00",0
"Упростите выражение: (x+2)*(x-2)","x^2 - 4","2025-10-27T12:09:07.494219+00:00",0
"Сравни рост функций: x^2 и 2^x","2^x растет быстрее","2025-10-27T12:09:07.494259+00:00",0
"Посчитай интеграл x^2 от 0 до 2","8/3","2025-10-27T12:09:07.494298+00:00",0
"Упростите выражение: (x+2)*(x-2)","x^2 - 4","2025-10-27T12:09:07.494339+00:00",0
"Сравни рост функций: x^2 и 2^x","2^x растет быстрее","2025-10-27T12:09:07.494378+00:00",0
"Посчитай интеграл x^2 от 0 до 2","8/3","2025-10-27T12:09:07.494417+00:00",0
"Упростите выражение: (x+2)*(x-2)","x^2 - 4","2025-10-27T12:09:07.494475+00:00",0
"Сравни рост функций: x^2 и 2^x","2^x растет быстрее","2025-10-27T12:09:07.494516+00:00",0
"Посчитай интеграл x^2 от 0 до 2","8/3","2025-10-27T12:09:07.494557+00:00",0
"Упростите выражение: (x+2)*(x-2)","x^2 - 4","2025-10-27T12:09:07.494598+00:00",0
"Сравни рост функций: x^2 и 2^x","2^x растет быстрее","2025-10-27T12:09:07.494639+00:00",0
"Посчитай интеграл x^2 от 0 до 2","8/3","2025-10-27T12:09:07.494679+00:00",0
"Упростите выражение: (x+2)*(x-2)","x^2 - 4","2025-10-27T12:09:07.494721+00:00",0
"Сравни рост функций: x^2 и 2^x","2^x растет быстрее","2025-10-27T12:09:07.494762+00:00",0
"Посчитай интеграл x^2 от 0 до 2","8/3","2025-10-27T12:09:07.494802+00:00",0
"Упростите выражение: (x+2)*(x-2)","x^2 - 4","2025-10-27T12:09:07.494843+00:00",0
"Сравни рост функций: x^2 и 2^x","2^x растет быстрее","2025-10-27T12:09:07.494883+00:00",0
"Посчитай интеграл x^2 от 0 до 2","8/3","2025-10-27T12:09:07.494924+00:00",0
"Упростите выражение: (x+2)*(x-2)","x^2 - 4","2025-10-27T12:09:07.494965+00:00",0
"Сравни рост функций: x^2 и 2^x","2^x растет быстрее","2025-10-27T12:09:07.495005+00:00",0
"Посчитай интеграл x^2 от 0 до 2","8/3","2025-10-27T12:09:07.495046+00:00",0
"Упростите выражение: (x+2)*(x-2)","x^2 - 4","2025-10-27T12:09:07.495090+00:00",0
"Сравни рост функций: x^2 и 2^x","2^x растет быстрее","2025-10-27T12:09:07.495130+00:00",0
"Посчитай интеграл x^2 от 0 до 2","8/3","2025-10-27T12:09:07.495170+00:00",0
"Упростите выражение: (x+2)*(x-2)","x^2 - 4","2025-10-27T12:09:07.495212+00:00",0
"Сравни рост функций: x^2 и 2^x","2^x растет быстрее","2025-10-27T12:09:07.495252+00:00",0
"Посчитай интеграл x^2 от 0 до 2","8/3","2025-10-27T12:09:07.495292+00:00",0
"Упростите выражение: (x+2)*(x-2)","x^2 - 4","2025-10-27T12:09:07.495333+00:00",0
"Сравни рост функций: x^2 и 2^x","2^x растет быстрее","2025-10-27T12:09:07.495373+00:00",0
"Посчитай интеграл x^2 от 0 до 2","8/3","2025-10-27T12:09:07.495414+00:00",0
"Упростите выражение: (x+2)*(x-2)","x^2 - 4","2025-10-27T12:09:07.495454+00:00",0
"Сравни рост функций: x^2 и 2^x","2^x растет быстрее","2025-10-27T12:09:07.495495+00:00",0
"Посчитай интеграл x^2 от 0 до 2","8/3","2025-10-27T12:09:07.495535+00:00",0
"Упростите выражение: (x+2)*(x-2)","x^2 - 4","2025-10-27T12:09:07.495576+00:00",0
"Сравни рост функций: x^2 и 2^x","2^x растет быстрее","2025-10-27T12:09:07.495616+00:00",0
"Посчитай интеграл x^2 от 0 до 2","8/3","2025-10-27T12:09:07.495656+00:00",0
"Упростите выражение: (x+2)*(x-2)","x^2 - 4","2025-10-27T12:09:07.495698+00:00",0
"Сравни рост функций: x^2 и 2^x","2^x растет быстрее","2025-10-27T12:09:07.495738+00:00",0
"Посчитай интеграл x^2 от 0 до 2","8/3","2025-10-27T12:09:07.495778+00:00",0
"Упростите выражение: (x+2)*(x-2)","x^2 - 4","2025-10-27T12:09:07.495819+00:00",0
"Сравни рост функций: x^2 и 2^x","2^x растет быстрее","2025-10-27T12:09:07.495859+00:00",0
"Посчитай интеграл x^2 от 0 до 2","8/3","2025-10-27T12:09:07.495899+00:00",0
"Упростите выражение: (x+2)*(x-2)","x^2 - 4","2025-10-27T12:09:07.495940+00:00",0
"Сравни рост функций: x^2 и 2^x","2^x растет быстрее","2025-10-27T12:10:20.598320+00:00",0
"Посчитай интеграл x^2 от 0 до 2","8/3","2025-10-27T12:10:20.598415+00:00",0
"Упростите выражение: (x+2)*(x-2)","x^2 - 4","2025-10-27T12:10:20.598466+00:00",0
"Сравни рост функций: x^2 и 2^x","2^x растет быстрее","2025-10-27T12:10:20.598506+00:00",0
"Посчитай интеграл x^2 от 0 до 2","8/3","2025-10-27T12:10:20.598550+00:00",0
"Упростите выражение: (x+2)*(x-2)","x^2 - 4","2025-10-27T12:10:20.598595+00:00",0
"Сравни рост функций: x^2 и 2^x","2^x растет быстрее","2025-10-27T12:10:20.598639+00:00",0
"Посчитай интеграл x^2 от 0 до 2","8/3","2025-10-27T12:10:20.598684+00:00",0
"Упростите выражение: (x+2)*(x-2)","x^2 - 4","2025-10-27T12:10:20.598728+00:00",0
"Сравни рост функций: x^2 и 2^x","2^x растет быстрее","2025-10-27T12:10:20.598770+00:00",0
"Посчитай интеграл x^2 от 0 до 2","8/3","2025-10-27T12:10:20.598809+00:00",0
"Упростите выражение: (x+2)*(x-2)","x^2 - 4","2025-10-27T12:10:20.598850+00:00",0
"Сравни рост функций: x^2 и 2^x","2^x растет быстрее","2025-10-27T12:10:20.598889+00:00",0
"Посчитай интеграл x^2 от 0 до 2","8/3","2025-10-27T12:10:20.598927+00:00",0
"Упростите выражение: (x+2)*(x-2)","x^2 - 4","2025-10-27T12:10:20.598967+00:00",0
"Сравни рост функций: x^2 и 2^x","2^x растет быстрее","2025-10-27T12:10:20.599004+00:00",0
"Посчитай интеграл x^2 от 0 до 2","8/3","2025-10-27T12:10:20.599042+00:00",0
"Упростите выражение: (x+2)*(x-2)","x^2 - 4","2025-10-27T12:10:20.599079+00:00",0
"Сравни рост функций: x^2 и 2^x","2^x растет быстрее","2025-10-27T12:10:20.599117+00:00",0
"Посчитай интеграл x^2 от 0 до 2","8/3","2025-10-27T12:10:20.599155+00:00",0
"Упростите выражение: (x+2)*(x-2)","x^2 - 4","2025-10-27T12:10:20.599196+00:00",0
"Сравни рост функций: x^2 и 2^x","2^x растет быстрее","2025-10-27T12:10:20.599236+00:00",0
"Посчитай интеграл x^2 от 0 до 2","8/3","2025-10-27T12:10:20.599276+00:00",0
"Упростите выражение: (x+2)*(x-2)","x^2 - 4","2025-10-27T12:10:20.599318+00:00",0
"Сравни рост функций: x^2 и 2^x","2^x растет быстрее","2025-10-27T12:10:20.599359+00:00",0
"Посчитай интеграл x^2 от 0 до 2","8/3","2025-10-27T12:10:20.599400+00:00",0
"Упростите выражение: (x+2)*(x-2)","x^2 - 4","2025-10-27T12:10:20.599442+00:00",0
"Сравни рост функций: x^2 и 2^x","2^x растет быстрее","2025-10-27T12:10:20.599482+00:00",0
"Посчитай интеграл x^2 от 0 до 2","8/3","2025-10-27T12:10:20.599524+00:00",0
"Упростите выражение: (x+2)*(x-2)","x^2 - 4","2025-10-27T12:10:20.599565+00:00",0
"Сравни рост функций: x^2 и 2^x","2^x растет быстрее","2025-10-27T12:10:20.599606+00:00",0
"Посчитай интеграл x^2 от 0 до 2","8/3","2025-10-27T12:10:20.599650+00:00",0
"Упростите выражение: (x+2)*(x-2)","x^2 - 4","2025-10-27T12:10:20.599714+00:00",0
"Сравни рост функций: x^2 и 2^x","2^x растет быстрее","2025-10-27T12:10:20.599784+00:00",0
"Посчитай интеграл x^2 от 0 до 2","8/3","2025-10-27T12:10:20.599837+00:00",0
"Упростите выражение: (x+2)*(x-2)","x^2 - 4","2025-10-27T12:10:20.599887+00:00",0
"Сравни рост функций: x^2 и 2^x","2^x растет быстрее","2025-10-27T12:10:20.599938+00:00",0
"Посчитай интеграл x^2 от 0 до 2","8/3","2025-10-27T12:10:20.599983+00:00",0
"Упростите выражение: (x+2)*(x-2)","x^2 - 4","2025-10-27T12:10:20.600026+00:00",0
"Сравни рост функций: x^2 и 2^x","2^x растет быстрее","2025-10-27T12:10:20.600069+00:00",0
"Посчитай интеграл x^2 от 0 до 2","8/3","2025-10-27T12:10:20.600167+00:00",0
"Упростите выражение: (x+2)*(x-2)","x^2 - 4","2025-10-27T12:10:20.600236+00:00",0
"Сравни рост функций: x^2 и 2^x","2^x растет быстрее","2025-10-27T12:10:20.600294+00:00",0
"Посчитай интеграл x^2 от 0 до 2","8/3","2025-10-27T12:10:20.600349+00:00",0
"Упростите выражение: (x+2)*(x-2)","x^2 - 4","2025-10-27T12:10:20.600402+00:00",0
"Сравни рост функций: x^2 и 2^x","2^x растет быстрее","2025-10-27T12:10:20.600451+00:00",0
"Посчитай интеграл x^2 от 0 до 2","8/3","2025-10-27T12:10:20.600500+00:00",0
"Упростите выражение: (x+2)*(x-2)","x^2 - 4","2025-10-27T12:10:20.600553+00:00",0
"Сравни рост функций: x^2 и 2^x","2^x растет быстрее","2025-10-27T12:10:20.600598+00:00",0
"Посчитай интеграл x^2 от 0 до 2","8/3","2025-10-27T12:10:20.600647+00:00",0
"Упростите выражение: (x+2)*(x-2)","x^2 - 4","2025-10-27T12:10:20.600695+00:00",0
"Сравни рост функций: x^2 и 2^x","2^x растет быстрее","2025-10-27T12:10:20.600741+00:00",0
"Посчитай интеграл x^2 от 0 до 2","8/3","2025-10-27T12:10:20.600786+00:00",0
"Упростите выражение: (x+2)*(x-2)","x^2 - 4","2025-10-27T12:10:20.600833+00:00",0
"Сравни рост функций: x^2 и 2^x","2^x растет быстрее","2025-10-27T12:10:20.600882+00:00",0
"Посчитай интеграл x^2 от 0 до 2","8/3","2025-10-27T12:10:20.600927+00:00",0
"Упростите выражение: (x+2)*(x-2)","x^2 - 4","2025-10-27T12:10:20.600977+00:00",0
"Сравни рост функций: x^2 и 2^x","2^x растет быстрее","2025-10-27T12:10:20.601026+00:00",0
"Посчитай интеграл x^2 от 0 до 2","8/3","2025-10-27T12:10:20.601076+00:00",0
"Упростите выражение: (x+2)*(x-2)","x^2 - 4","2025-10-27T12:10:20.601126+00:00",0
"Сравни рост функций: x^2 и 2^x","2^x растет быстрее","2025-10-27T12:10:20.601179+00:00",0
"Посчитай интеграл x^2 от 0 до 2","8/3","2025-10-27T12:10:20.601228+00:00",0
"Упростите выражение: (x+2)*(x-2)","x^2 - 4","2025-10-27T12:10:20.601276+00:00",0
"Сравни рост функций: x^2 и 2^x","2^x растет быстрее","2025-10-27T12:10:20.601324+00:00",0
"Посчитай интеграл x^2 от 0 до 2","8/3","2025-10-27T12:10:20.601374+00:00",0
"Упростите выражение: (x+2)*(x-2)","x^2 - 4","2025-10-27T12:10:20.601424+00:00",0
"Сравни рост функций: x^2 и 2^x","2^x растет быстрее","2025-10-27T12:10:20.601467+00:00",0
"Посчитай интеграл x^2 от 0 до 2","8/3","2025-10-27T12:10:20.601516+00:00",0
"Упростите выражение: (x+2)*(x-2)","x^2 - 4","2025-10-27T12:10:20.601563+00:00",0
"Сравни рост функций: x^2 и 2^x","2^x растет быстрее","2025-10-27T12:10:20.601607+00:00",0
"Посчитай интеграл x^2 от 0 до 2","8/3","2025-10-27T12:10:20.601656+00:00",0
"Упростите выражение: (x+2)*(x-2)","x^2 - 4","2025-10-27T12:10:20.601705+00:00",0
"Сравни рост функций: x^2 и 2^x","2^x растет быстрее","2025-10-27T12:10:20.601754+00:00",0
"Посчитай интеграл x^2 от 0 до 2","8/3","2025-10-27T12:10:20.601803+00:00",0
"Упростите выражение: (x+2)*(x-2)","x^2 - 4","2025-10-27T12:10:20.601854+00:00",0
"Сравни рост функций: x^2 и 2^x","2^x растет быстрее","2025-10-27T12:10:20.601897+00:00",0
"Посчитай интеграл x^2 от 0 до 2","8/3","2025-10-27T12:10:20.601947+00:00",0
"Упростите выражение: (x+2)*(x-2)","x^2 - 4","2025-10-27T12:10:20.601997+00:00",0
"Сравни рост функций: x^2 и 2^x","2^x растет быстрее","2025-10-27T12:10:20.602070+00:00",0
"Посчитай интеграл x^2 от 0 до 2","8/3","2025-10-27T12:10:20.602115+00:00",0
"Упростите выражение: (x+2)*(x-2)","x^2 - 4","2025-10-27T12:10:20.602160+00:00",0
"Сравни рост функций: x^2 и 2^x","2^x растет быстрее","2025-10-27T12:10:20.602204+00:00",0
"Посчитай интеграл x^2 от 0 до 2","8/3","2025-10-27T12:10:20.602248+00:00",0
"Упростите выражение: (x+2)*(x-2)","x^2 - 4","2025-10-27T12:10:20.602292+00:00",0
"Сравни рост функций: x^2 и 2^x","2^x растет быстрее","2025-10-27T12:10:20.602335+00:00",0
"Посчитай интеграл x^2 от 0 до 2","8/3","2025-10-27T12:10:20.602379+00:00",0
"Упростите выражение: (x+2)*(x-2)","x^2 - 4","2025-10-27T12:10:20.602423+00:00",0
"Сравни рост функций: x^2 и 2^x","2^x растет быстрее","2025-10-27T12:10:20.602466+00:00",0
"Посчитай интеграл x^2 от 0 до 2","8/3","2025-10-27T12:10:20.602506+00:00",0
"Упростите выражение: (x+2)*(x-2)","x^2 - 4","2025-10-27T12:10:20.602545+00:00",0
"Сравни рост функций: x^2 и 2^x","2^x растет быстрее","2025-10-27T12:10:20.602584+00:00",0
"Посчитай интеграл x^2 от 0 до 2","8/3","2025-10-27T12:10:20.602623+00:00",0
"Упростите выражение: (x+2)*(x-2)","x^2 - 4","2025-10-27T12:10:20.602663+00:00",0
"Сравни рост функций: x^2 и 2^x","2^x растет быстрее","2025-10-27T12:10:20.602701+00:00",0
"Посчитай интеграл x^2 от 0 до 2","8/3","2025-10-27T12:10:20.602740+00:00",0
"Упростите выражение: (x+2)*(x-2)","x^2 - 4","2025-10-27T12:10:20.602780+00:00",0
"Сравни рост функций: x^2 и 2^x","2^x растет быстрее","2025-10-27T12:10:20.602818+00:00",0
"Посчитай интеграл x^2 от 0 до 2","8/3","2025-10-27T12:10:20.602858+00:00",0
"Упростите выражение: (x+2)*(x-2)","x^2 - 4","2025-10-27T12:10:20.602897+00:00",0
"Сравни рост функций: x^2 и 2^x","2^x растет быстрее","2025-10-27T12:10:20.602935+00:00",0
"Посчитай интеграл x^2 от 0 до 2","8/3","2025-10-27T12:10:20.602974+00:00",0
"Упростите выражение: (x+2)*(x-2)","x^2 - 4","2025-10-27T12:10:20.603013+00:00",0
"Сравни рост функций: x^2 и 2^x","2^x растет быстрее","2025-10-27T12:10:20.603052+00:00",0
"Посчитай интеграл x^2 от 0 до 2","8/3","2025-10-27T12:10:20.603093+00:00",0
"Упростите выражение: (x+2)*(x-2)","x^2 - 4","2025-10-27T12:10:20.603130+00:00",0
"Сравни рост функций: x^2 и 2^x","2^x растет быстрее","2025-10-27T12:10:20.603170+00:00",0
"Посчитай интеграл x^2 от 0 до 2","8/3","2025-10-27T12:10:20.603209+00:00",0
"Упростите выражение: (x+2)*(x-2)","x^2 - 4","2025-10-27T12:10:20.603249+00:00",0
"Сравни рост функций: x^2 и 2^x","2^x растет быстрее","2025-10-27T12:10:20.603287+00:00",0
"Посчитай интеграл x^2 от 0 до 2","8/3","2025-10-27T12:10:20.603326+00:00",0
"Упростите выражение: (x+2)*(x-2)","x^2 - 4","2025-10-27T12:10:20.603365+00:00",0
"Сравни рост функций: x^2 и 2^x","2^x растет быстрее","2025-10-27T12:10:20.603403+00:00",0
"Посчитай интеграл x^2 от 0 до 2","8/3","2025-10-27T12:10:20.603442+00:00",0
"Упростите выражение: (x+2)*(x-2)","x^2 - 4","2025-10-27T12:10:20.603479+00:00",0
"Сравни рост функций: x^2 и 2^x","2^x растет быстрее","2025-10-27T12:10:20.603516+00:00",0
"Посчитай интеграл x^2 от 0 до 2","8/3","2025-10-27T12:10:20.603556+00:00",0
"Упростите выражение: (x+2)*(x-2)","x^2 - 4","2025-10-27T12:10:20.603595+00:00",0
"Сравни рост функций: x^2 и 2^x","2^x растет быстрее","2025-10-27T12:10:20.603647+00:00",0
"Посчитай интеграл x^2 от 0 до 2","8/3","2025-10-27T12:10:20.603688+00:00",0
"Упростите выражение: (x+2)*(x-2)","x^2 - 4","2025-10-27T12:10:20.603729+00:00",0
"Сравни рост функций: x^2 и 2^x","2^x растет быстрее","2025-10-27T12:10:20.603769+00:00",0
"Посчитай интеграл x^2 от 0 до 2","8/3","2025-10-27T12:10:20.603809+00:00",0
"Упростите выражение: (x+2)*(x-2)","x^2 - 4","2025-10-27T12:10:20.603850+00:00",0
"Сравни рост функций: x^2 и 2^x","2^x растет быстрее","2025-10-27T12:10:20.603892+00:00",0
"Посчитай интеграл x^2 от 0 до 2","8/3","2025-10-27T12:10:20.603933+00:00",0
"Упростите выражение: (x+2)*(x-2)","x^2 - 4","2025-10-27T12:10:20.603983+00:00",0
"Сравни рост функций: x^2 и 2^x","2^x растет быстрее","2025-10-27T12:10:20.604038+00:00",0
"Посчитай интеграл x^2 от 0 до 2","8/3","2025-10-27T12:10:20.604082+00:00",0
"Упростите выражение: (x+2)*(x-2)","x^2 - 4","2025-10-27T12:10:20.604127+00:00",0
"Сравни рост функций: x^2 и 2^x","2^x растет быстрее","2025-10-27T12:10:20.604169+00:00",0
"Посчитай интеграл x^2 от 0 до 2","8/3","2025-10-27T12:10:20.604212+00:00",0
"Упростите выражение: (x+2)*(x-2)","x^2 - 4","2025-10-27T12:10:20.604255+00:00",0
"Сравни рост функций: x^2 и 2^x","2^x растет быстрее","2025-10-27T12:10:20.604297+00:00",0
"Посчитай интеграл x^2 от 0 до 2","8/3","2025-10-27T12:10:20.604339+00:00",0
"Упростите выражение: (x+2)*(x-2)","x^2 - 4","2025-10-27T12:10:20.604383+00:00",0
"Сравни рост функций: x^2 и 2^x","2^x растет быстрее","2025-10-27T12:10:20.604425+00:00",0
"Посчитай интеграл x^2 от 0 до 2","8/3","2025-10-27T12:10:20.604467+00:00",0
"Упростите выражение: (x+2)*(x-2)","x^2 - 4","2025-10-27T12:10:20.604510+00:00",0
"Сравни рост функций: x^2 и 2^x","2^x растет быстрее","2025-10-27T12:10:20.604552+00:00",0
"Посчитай интеграл x^2 от 0 до 2","8/3","2025-10-27T12:10:20.604594+00:00",0
"Упростите выражение: (x+2)*(x-2)","x^2 - 4","2025-10-27T12:10:20.604640+00:00",0
"Сравни рост функций: x^2 и 2^x","2^x растет быстрее","2025-10-27T12:10:20.604681+00:00",0
"Посчитай интеграл x^2 от 0 до 2","8/3","2025-10-27T12:10:20.604723+00:00",0
"Упростите выражение: (x+2)*(x-2)","x^2 - 4","2025-10-27T12:10:20.604766+00:00",0
"Сравни рост функций: x^2 и 2^x","2^x растет быстрее","2025-10-27T12:10:20.604808+00:00",0
"Посчитай интеграл x^2 от 0 до 2","8/3","2025-10-27T12:10:20.604853+00:00",0
"Упростите выражение: (x+2)*(x-2)","x^2 - 4","2025-10-27T12:10:20.604896+00:00",0
"Сравни рост функций: x^2 и 2^x","2^x растет быстрее","2025-10-27T12:10:20.604937+00:00",0
"Посчитай интеграл x^2 от 0 до 2","8/3","2025-10-27T12:10:20.604979+00:00",0
"Упростите выражение: (x+2)*(x-2)","x^2 - 4","2025-10-27T12:10:20.605022+00:00",0
"Сравни рост функций: x^2 и 2^x","2^x растет быстрее","2025-10-27T12:10:20.605063+00:00",0
"Посчитай интеграл x^2 от 0 до 2","8/3","2025-10-27T12:10:20.605105+00:00",0
"Упростите выражение: (x+2)*(x-2)","x^2 - 4","2025-10-27T12:10:20.605148+00:00",0
"Сравни рост функций: x^2 и 2^x","2^x растет быстрее","2025-10-27T12:10:20.605189+00:00",0
"Посчитай интеграл x^2 от 0 до 2","8/3","2025-10-27T12:10:20.605231+00:00",0
"Упростите выражение: (x+2)*(x-2)","x^2 - 4","2025-10-27T12:10:20.605290+00:00",0
"Сравни рост функций: x^2 и 2^x","2^x растет быстрее","2025-10-27T12:10:20.605334+00:00",0
"Посчитай интеграл x^2 от 0 до 2","8/3","2025-10-27T12:10:20.605377+00:00",0
"Упростите выражение: (x+2)*(x-2)","x^2 - 4","2025-10-27T12:10:20.605421+00:00",0
"Сравни рост функций: x^2 и 2^x","2^x растет быстрее","2025-10-27T12:10:20.605464+00:00",0
"Посчитай интеграл x^2 от 0 до 2","8/3","2025-10-27T12:10:20.605508+00:00",0
"Упростите выражение: (x+2)*(x-2)","x^2 - 4","2025-10-27T12:10:20.605552+00:00",0
"Сравни рост функций: x^2 и 2^x","2^x растет быстрее","2025-10-27T12:10:20.605595+00:00",0
"Посчитай интеграл x^2 от 0 до 2","8/3","2025-10-27T12:10:20.605638+00:00",0
"Упростите выражение: (x+2)*(x-2)","x^2 - 4","2025-10-27T12:10:20.605682+00:00",0
"Сравни рост функций: x^2 и 2^x","2^x растет быстрее","2025-10-27T12:10:20.605725+00:00",0
"Посчитай интеграл x^2 от 0 до 2","8/3","2025-10-27T12:10:20.605768+00:00",0
"Упростите выражение: (x+2)*(x-2)","x^2 - 4","2025-10-27T12:10:20.605812+00:00",0
"Сравни рост функций: x^2 и 2^x","2^x растет быстрее","2025-10-27T12:10:20.605855+00:00",0
"Посчитай интеграл x^2 от 0 до 2","8/3","2025-10-27T12:10:20.605899+00:00",0
"Упростите выражение: (x+2)*(x-2)","x^2 - 4","2025-10-27T12:10:20.605948+00:00",0
"Сравни рост функций: x^2 и 2^x","2^x растет быстрее","2025-10-27T12:10:20.605990+00:00",0
"Посчитай интеграл x^2 от 0 до 2","8/3","2025-10-27T12:10:20.606034+00:00",0
"Упростите выражение: (x+2)*(x-2)","x^2 - 4","2025-10-27T12:10:20.606077+00:00",0
"Сравни рост функций: x^2 и 2^x","2^x растет быстрее","2025-10-27T12:10:20.606120+00:00",0
"Посчитай интеграл x^2 от 0 до 2","8/3","2025-10-27T12:10:20.606163+00:00",0
"Упростите выражение: (x+2)*(x-2)","x^2 - 4","2025-10-27T12:10:20.606207+00:00",0
"Сравни рост функций: x^2 и 2^x","2^x растет быстрее","2025-10-27T12:10:20.606250+00:00",0
"Посчитай интеграл x^2 от 0 до 2","8/3","2025-10-27T12:10:20.606294+00:00",0
"Упростите выражение: (x+2)*(x-2)","x^2 - 4","2025-10-27T12:10:20.606337+00:00",0
"Сравни рост функций: x^2 и 2^x","2^x растет быстрее","2025-10-27T12:10:20.606380+00:00",0
"Посчитай интеграл x^2 от 0 до 2","8/3","2025-10-27T12:10:20.606423+00:00",0
"Упростите выражение: (x+2)*(x-2)","x^2 - 4","2025-10-27T12:10:20.606467+00:00",0
"Сравни рост функций: x^2 и 2^x","2^x растет быстрее","2025-10-27T12:10:20.606510+00:00",0
"Посчитай интеграл x^2 от 0 до 2","8/3","2025-10-27T12:10:20.606553+00:00",0
"Упростите выражение: (x+2)*(x-2)","x^2 - 4","2025-10-27T12:10:20.606597+00:00",0
"Сравни рост функций: x^2 и 2^x","2^x растет быстрее","2025-10-27T12:10:20.606640+00:00",0
"Посчитай интеграл x^2 от 0 до 2","8/3","2025-10-27T12:10:20.606685+00:00",0
"Упростите выражение: (x+2)*(x-2)","x^2 - 4","2025-10-27T12:10:20.606729+00:00",0
"Сравни рост функций: x^2 и 2^x","2^x растет быстрее","2025-10-27T12:10:20.606772+00:00",0
"Посчитай интеграл x^2 от 0 до 2","8/3","2025-10-27T12:10:20.606815+00:00",0
"Упростите выражение: (x+2)*(x-2)","x^2 - 4","2025-10-27T12:10:20.606859+00:00",0
"Сравни рост функций: x^2 и 2^x","2^x растет быстрее","2025-10-27T12:10:20.606901+00:00",0
"Посчитай интеграл x^2 от 0 до 2","8/3","2025-10-27T12:10:20.606944+00:00",0
"Упростите выражение: (x+2)*(x-2)","x^2 - 4","2025-10-27T12:10:20.607001+00:00",0
"Сравни рост функций: x^2 и 2^x","2^x растет быстрее","2025-10-27T12:10:20.607045+00:00",0
"Посчитай интеграл x^2 от 0 до 2","8/3","2025-10-27T12:10:20.607091+00:00",0
"Упростите выражение: (x+2)*(x-2)","x^2 - 4","2025-10-27T12:10:20.607136+00:00",0
"Сравни рост функций: x^2 и 2^x","2^x растет быстрее","2025-10-27T12:10:20.607181+00:00",0
"Посчитай интеграл x^2 от 0 до 2","8/3","2025-10-27T12:10:20.607226+00:00",0
"Упростите выражение: (x+2)*(x-2)","x^2 - 4","2025-10-27T12:10:20.607272+00:00",0
"Сравни рост функций: x^2 и 2^x","2^x растет быстрее","2025-10-27T12:10:20.607316+00:00",0
"Посчитай интеграл x^2 от 0 до 2","8/3","2025-10-27T12:10:20.607360+00:00",0
"Упростите выражение: (x+2)*(x-2)","x^2 - 4","2025-10-27T12:10:20.607405+00:00",0
"Сравни рост функций: x^2 и 2^x","2^x растет быстрее","2025-10-27T12:10:20.607449+00:00",0
"Посчитай интеграл x^2 от 0 до 2","8/3","2025-10-27T12:10:20.607494+00:00",0
"Упростите выражение: (x+2)*(x-2)","x^2 - 4","2025-10-27T12:10:20.607540+00:00",0
"Сравни рост функций: x^2 и 2^x","2^x растет быстрее","2025-10-27T12:10:20.607587+00:00",0
"Посчитай интеграл x^2 от 0 до 2","8/3","2025-10-27T12:10:20.607633+00:00",0
"Упростите выражение: (x+2)*(x-2)","x^2 - 4","2025-10-27T12:10:20.607690+00:00",0
"Сравни рост функций: x^2 и 2^x","2^x растет быстрее","2025-10-27T12:10:20.607742+00:00",0
"Посчитай интеграл x^2 от 0 до 2","8/3","2025-10-27T12:10:20.607788+00:00",0
"Упростите выражение: (x+2)*(x-2)","x^2 - 4","2025-10-27T12:10:20.607835+00:00",0
"Сравни рост функций: x^2 и 2^x","2^x растет быстрее","2025-10-27T12:10:20.607879+00:00",0
"Посчитай интеграл x^2 от 0 до 2","8/3","2025-10-27T12:10:20.607923+00:00",0
"Упростите выражение: (x+2)*(x-2)","x^2 - 4","2025-10-27T12:10:20.607963+00:00",0
"Сравни рост функций: x^2 и 2^x","2^x растет быстрее","2025-10-27T12:10:20.608003+00:00",0
"Посчитай интеграл x^2 от 0 до 2","8/3","2025-10-27T12:10:20.608042+00:00",0
"Упростите выражение: (x+2)*(x-2)","x^2 - 4","2025-10-27T12:10:20.608082+00:00",0
"Сравни рост функций: x^2 и 2^x","2^x растет быстрее","2025-10-27T12:10:20.608121+00:00",0
"Посчитай интеграл x^2 от 0 до 2","8/3","2025-10-27T12:10:20.608161+00:00",0
"Упростите выражение: (x+2)*(x-2)","x^2 - 4","2025-10-27T12:10:20.608201+00:00",0
"Сравни рост функций: x^2 и 2^x","2^x растет быстрее","2025-10-27T12:10:20.608240+00:00",0
"Посчитай интеграл x^2 от 0 до 2","8/3","2025-10-27T12:10:20.608280+00:00",0
"Упростите выражение: (x+2)*(x-2)","x^2 - 4","2025-10-27T12:10:20.608321+00:00",0
"Сравни рост функций: x^2 и 2^x","2^x растет быстрее","2025-10-27T12:10:20.608360+00:00",0
"Посчитай интеграл x^2 от 0 до 2","8/3","2025-10-27T12:10:20.608401+00:00",0
"Упростите выражение: (x+2)*(x-2)","x^2 - 4","2025-10-27T12:10:20.608442+00:00",0
"Сравни рост функций: x^2 и 2^x","2^x растет быстрее","2025-10-27T12:10:20.608487+00:00",0
"Посчитай интеграл x^2 от 0 до 2","8/3","2025-10-27T12:10:20.608531+00:00",0
"Упростите выражение: (x+2)*(x-2)","x^2 - 4","2025-10-27T12:10:20.608572+00:00",0
"Сравни рост функций: x^2 и 2^x","2^x растет быстрее","2025-10-27T12:10:20.608611+00:00",0
"Посчитай интеграл x^2 от 0 до 2","8/3","2025-10-27T12:10:20.608671+00:00",0
"Упростите выражение: (x+2)*(x-2)","x^2 - 4","2025-10-27T12:10:20.608715+00:00",0
"Сравни рост функций: x^2 и 2^x","2^x растет быстрее","2025-10-27T12:10:20.608752+00:00",0
"Посчитай интеграл x^2 от 0 до 2","8/3","2025-10-27T12:10:20.608793+00:00",0
"Упростите выражение: (x+2)*(x-2)","x^2 - 4","2025-10-27T12:10:20.608832+00:00",0
"Сравни рост функций: x^2 и 2^x","2^x растет быстрее","2025-10-27T12:10:20.608873+00:00",0
"Посчитай интеграл x^2 от 0 до 2","8/3","2025-10-27T12:10:20.608913+00:00",0
"Упростите выражение: (x+2)*(x-2)","x^2 - 4","2025-10-27T12:10:20.608958+00:00",0
"Сравни рост функций: x^2 и 2^x","2^x растет быстрее","2025-10-27T12:10:20.608997+00:00",0
"Посчитай интеграл x^2 от 0 до 2","8/3","2025-10-27T12:10:20.609037+00:00",0
"Упростите выражение: (x+2)*(x-2)","x^2 - 4","2025-10-27T12:10:20.609076+00:00",0
"Сравни рост функций: x^2 и 2^x","2^x растет быстрее","2025-10-27T12:10:20.609114+00:00",0
"Посчитай интеграл x^2 от 0 до 2","8/3","2025-10-27T12:10:20.609153+00:00",0
"Упростите выражение: (x+2)*(x-2)","x^2 - 4","2025-10-27T12:10:20.609192+00:00",0
"Сравни рост функций: x^2 и 2^x","2^x растет быстрее","2025-10-27T12:10:20.609231+00:00",0
"Посчитай интеграл x^2 от 0 до 2","8/3","2025-10-27T12:10:20.609271+00:00",0
"Упростите выражение: (x+2)*(x-2)","x^2 - 4","2025-10-27T12:10:20.609310+00:00",0
"Сравни рост функций: x^2 и 2^x","2^x растет быстрее","2025-10-27T12:10:20.609348+00:00",0
"Посчитай интеграл x^2 от 0 до 2","8/3","2025-10-27T12:10:20.609386+00:00",0
"Упростите выражение: (x+2)*(x-2)","x^2 - 4","2025-10-27T12:10:20.609425+00:00",0
"Сравни рост функций: x^2 и 2^x","2^x растет быстрее","2025-10-27T12:10:20.609463+00:00",0
"Посчитай интеграл x^2 от 0 до 2","8/3","2025-10-27T12:10:20.609502+00:00",0
"Упростите выражение: (x+2)*(x-2)","x^2 - 4","2025-10-27T12:10:20.609541+00:00",0
"Сравни рост функций: x^2 и 2^x","2^x растет быстрее","2025-10-27T12:10:20.609580+00:00",0
"Посчитай интеграл x^2 от 0 до 2","8/3","2025-10-27T12:10:20.609614+00:00",0
"Упростите выражение: (x+2)*(x-2)","x^2 - 4","2025-10-27T12:10:20.609649+00:00",0
"Сравни рост функций: x^2 и 2^x","2^x растет быстрее","2025-10-27T12:10:20.609683+00:00",0
"Посчитай интеграл x^2 от 0 до 2","8/3","2025-10-27T12:10:20.609717+00:00",0
"Упростите выражение: (x+2)*(x-2)","x^2 - 4","2025-10-27T12:10:20.609752+00:00",0
"Сравни рост функций: x^2 и 2^x","2^x растет быстрее","2025-10-27T12:10:20.609786+00:00",0
"Посчитай интеграл x^2 от 0 до 2","8/3","2025-10-27T12:10:20.609821+00:00",0
"Упростите выражение: (x+2)*(x-2)","x^2 - 4","2025-10-27T12:10:20.609856+00:00",0
"Сравни рост функций: x^2 и 2^x","2^x растет быстрее","2025-10-27T12:10:20.609889+00:00",0
"Посчитай интеграл x^2 от 0 до 2","8/3","2025-10-27T12:10:20.609924+00:00",0
"Упростите выражение: (x+2)*(x-2)","x^2 - 4","2025-10-27T12:10:20.609959+00:00",0
"Сравни рост функций: x^2 и 2^x","2^x растет быстрее","2025-10-27T12:10:20.609997+00:00",0
"Посчитай интеграл x^2 от 0 до 2","8/3","2025-10-27T12:10:20.610035+00:00",0
"Упростите выражение: (x+2)*(x-2)","x^2 - 4","2025-10-27T12:10:20.610070+00:00",0
"Сравни рост функций: x^2 и 2^x","2^x растет быстрее","2025-10-27T12:10:20.610110+00:00",0
"Посчитай интеграл x^2 от 0 до 2","8/3","2025-10-27T12:10:20.610172+00:00",0
"Упростите выражение: (x+2)*(x-2)","x^2 - 4","2025-10-27T12:10:20.610219+00:00",0
"Сравни рост функций: x^2 и 2^x","2^x растет быстрее","2025-10-27T12:10:20.610262+00:00",0
"Посчитай интеграл x^2 от 0 до 2","8/3","2025-10-27T12:10:20.610318+00:00",0
"Упростите выражение: (x+2)*(x-2)","x^2 - 4","2025-10-27T12:10:20.610370+00:00",0
"Сравни рост функций: x^2 и 2^x","2^x растет быстрее","2025-10-27T12:10:20.610415+00:00",0
"Посчитай интеграл x^2 от 0 до 2","8/3","2025-10-27T12:10:20.610461+00:00",0
"Упростите выражение: (x+2)*(x-2)","x^2 - 4","2025-10-27T12:10:20.610507+00:00",0
"Сравни рост функций: x^2 и 2^x","2^x растет быстрее","2025-10-27T12:10:20.610551+00:00",0
"Посчитай интеграл x^2 от 0 до 2","8/3","2025-10-27T12:10:20.610596+00:00",0
"Упростите выражение: (x+2)*(x-2)","x^2 - 4","2025-10-27T12:10:20.610640+00:00",0
"Сравни рост функций: x^2 и 2^x","2^x растет быстрее","2025-10-27T12:10:20.610683+00:00",0
"Посчитай интеграл x^2 от 0 до 2","8/3","2025-10-27T12:10:20.610727+00:00",0
"Упростите выражение: (x+2)*(x-2)","x^2 - 4","2025-10-27T12:10:20.610775+00:00",0
"Сравни рост функций: x^2 и 2^x","2^x растет быстрее","2025-10-27T12:10:20.610820+00:00",0
"Посчитай интеграл x^2 от 0 до 2","8/3","2025-10-27T12:10:20.610863+00:00",0
"Упростите выражение: (x+2)*(x-2)","x^2 - 4","2025-10-27T12:10:20.610906+00:00",0
"Сравни рост функций: x^2 и 2^x","2^x растет быстрее","2025-10-27T12:10:20.610949+00:00",0
"Посчитай интеграл x^2 от 0 до 2","8/3","2025-10-27T12:10:20.610992+00:00",0
"Упростите выражение: (x+2)*(x-2)","x^2 - 4","2025-10-27T12:10:20.611036+00:00",0
"Сравни рост функций: x^2 и 2^x","2^x растет быстрее","2025-10-27T12:10:20.611078+00:00",0
"Посчитай интеграл x^2 от 0 до 2","8/3","2025-10-27T12:10:20.611121+00:00",0
"Упростите выражение: (x+2)*(x-2)","x^2 - 4","2025-10-27T12:10:20.611165+00:00",0
"Сравни рост функций: x^2 и 2^x","2^x растет быстрее","2025-10-27T12:10:20.611207+00:00",0
"Посчитай интеграл x^2 от 0 до 2","8/3","2025-10-27T12:10:20.611250+00:00",0
"Упростите выражение: (x+2)*(x-2)","x^2 - 4","2025-10-27T12:10:20.611293+00:00",0
"Сравни рост функций: x^2 и 2^x","2^x растет быстрее","2025-10-27T12:10:20.611336+00:00",0
"Посчитай интеграл x^2 от 0 до 2","8/3","2025-10-27T12:10:20.611378+00:00",0
"Упростите выражение: (x+2)*(x-2)","x^2 - 4","2025-10-27T12:10:20.611422+00:00",0
"Сравни рост функций: x^2 и 2^x","2^x растет быстрее","2025-10-27T12:10:20.611464+00:00",0
"Посчитай интеграл x^2 от 0 до 2","8/3","2025-10-27T12:10:20.611507+00:00",0
"Упростите выражение: (x+2)*(x-2)","x^2 - 4","2025-10-27T12:10:20.611553+00:00",0
"Сравни рост функций: x^2 и 2^x","2^x растет быстрее","2025-10-27T12:10:20.611595+00:00",0
"Посчитай интеграл x^2 от 0 до 2","8/3","2025-10-27T12:10:20.611638+00:00",0
"Упростите выражение: (x+2)*(x-2)","x^2 - 4","2025-10-27T12:10:20.611681+00:00",0
"Сравни рост функций: x^2 и 2^x","2^x растет быстрее","2025-10-27T12:10:20.611723+00:00",0
"Посчитай интеграл x^2 от 0 до 2","8/3","2025-10-27T12:10:20.611766+00:00",0
"Упростите выражение: (x+2)*(x-2)","x^2 - 4","2025-10-27T12:10:20.611809+00:00",0
"Сравни рост функций: x^2 и 2^x","2^x растет быстрее","2025-10-27T12:10:20.611854+00:00",0
"Посчитай интеграл x^2 от 0 до 2","8/3","2025-10-27T12:10:20.611896+00:00",0
"Упростите выражение: (x+2)*(x-2)","x^2 - 4","2025-10-27T12:10:20.611939+00:00",0
"Сравни рост функций: x^2 и 2^x","2^x растет быстрее","2025-10-27T12:10:20.611982+00:00",0
"Посчитай интеграл x^2 от 0 до 2","8/3","2025-10-27T12:10:20.612024+00:00",0
"Упростите выражение: (x+2)*(x-2)","x^2 - 4","2025-10-27T12:10:20.612068+00:00",0
"Сравни рост функций: x^2 и 2^x","2^x растет быстрее","2025-10-27T12:10:20.612110+00:00",0
"Посчитай интеграл x^2 от 0 до 2","8/3","2025-10-27T12:10:20.612153+00:00",0
"Упростите выражение: (x+2)*(x-2)","x^2 - 4","2025-10-27T12:10:20.612196+00:00",0
"Сравни рост функций: x^2 и 2^x","2^x растет быстрее","2025-10-27T12:10:20.612238+00:00",0
"Посчитай интеграл x^2 от 0 до 2","8/3","2025-10-27T12:10:20.612281+00:00",0
"Упростите выражение: (x+2)*(x-2)","x^2 - 4","2025-10-27T12:10:20.612324+00:00",0
"Сравни рост функций: x^2 и 2^x","2^x растет быстрее","2025-10-27T12:10:20.612366+00:00",0
"Посчитай интеграл x^2 от 0 до 2","8/3","2025-10-27T12:10:20.612408+00:00",0
"Упростите выражение: (x+2)*(x-2)","x^2 - 4","2025-10-27T12:10:20.612451+00:00",0
"Сравни рост функций: x^2 и 2^x","2^x растет быстрее","2025-10-27T12:10:20.612494+00:00",0
"Посчитай интеграл x^2 от 0 до 2","8/3","2025-10-27T12:10:20.612536+00:00",0
"Упростите выражение: (x+2)*(x-2)","x^2 - 4","2025-10-27T12:10:20.612580+00:00",0
"Сравни рост функций: x^2 и 2^x","2^x растет быстрее","2025-10-27T12:10:20.612621+00:00",0
"Посчитай интеграл x^2 от 0 до 2","8/3","2025-10-27T12:10:20.612664+00:00",0
"Упростите выражение: (x+2)*(x-2)","x^2 - 4","2025-10-27T12:10:20.612707+00:00",0
"Сравни рост функций: x^2 и 2^x","2^x растет быстрее","2025-10-27T12:10:20.612749+00:00",0
"Посчитай интеграл x^2 от 0 до 2","8/3","2025-10-27T12:10:20.612791+00:00",0
"Упростите выражение: (x+2)*(x-2)","x^2 - 4","2025-10-27T12:10:20.612834+00:00",0
"Сравни рост функций: x^2 и 2^x","2^x растет быстрее","2025-10-27T12:10:20.612876+00:00",0
"Посчитай интеграл x^2 от 0 до 2","8/3","2025-10-27T12:10:20.612919+00:00",0
"Упростите выражение: (x+2)*(x-2)","x^2 - 4","2025-10-27T12:10:20.612962+00:00",0
"Сравни рост функций: x^2 и 2^x","2^x растет быстрее","2025-10-27T12:10:20.613004+00:00",0
"Посчитай интеграл x^2 от 0 до 2","8/3","2025-10-27T12:10:20.613046+00:00",0
"Упростите выражение: (x+2)*(x-2)","x^2 - 4","2025-10-27T12:10:20.613089+00:00",0
"Сравни рост функций: x^2 и 2^x","2^x растет быстрее","2025-10-27T12:10:20.613131+00:00",0
"Посчитай интеграл x^2 от 0 до 2","8/3","2025-10-27T12:10:20.613173+00:00",0
"Упростите выражение: (x+2)*(x-2)","x^2 - 4","2025-10-27T12:10:20.613216+00:00",0
"Сравни рост функций: x^2 и 2^x","2^x растет быстрее","2025-10-27T12:10:20.613258+00:00",0
"Посчитай интеграл x^2 от 0 до 2","8/3","2025-10-27T12:10:20.613303+00:00",0
"Упростите выражение: (x+2)*(x-2)","x^2 - 4","2025-10-27T12:10:20.613346+00:00",0
"Сравни рост функций: x^2 и 2^x","2^x растет быстрее","2025-10-27T12:10:20.613388+00:00",0
"Посчитай интеграл x^2 от 0 до 2","8/3","2025-10-27T12:10:20.613430+00:00",0
"Упростите выражение: (x+2)*(x-2)","x^2 - 4","2025-10-27T12:10:20.613473+00:00",0
"Сравни рост функций: x^2 и 2^x","2^x растет быстрее","2025-10-27T12:10:20.613515+00:00",0
"Посчитай интеграл x^2 от 0 до 2","8/3","2025-10-27T12:10:20.613557+00:00",0
"Упростите выражение: (x+2)*(x-2)","x^2 - 4","2025-10-27T12:10:20.613600+00:00",0
"Сравни рост функций: x^2 и 2^x","2^x растет быстрее","2025-10-27T12:10:20.613642+00:00",0
"Посчитай интеграл x^2 от 0 до 2","8/3","2025-10-27T12:10:20.613684+00:00",0
"Упростите выражение: (x+2)*(x-2)","x^2 - 4","2025-10-27T12:10:20.613727+00:00",0
"Сравни рост функций: x^2 и 2^x","2^x растет быстрее","2025-10-27T12:10:20.613769+00:00",0
"Посчитай интеграл x^2 от 0 до 2","8/3","2025-10-27T12:10:20.613815+00:00",0
"Упростите выражение: (x+2)*(x-2)","x^2 - 4","2025-10-27T12:10:20.613857+00:00",0
"Сравни рост функций: x^2 и 2^x","2^x растет быстрее","2025-10-27T12:10:20.613899+00:00",0
"Посчитай интеграл x^2 от 0 до 2","8/3","2025-10-27T12:10:20.613941+00:00",0
"Упростите выражение: (x+2)*(x-2)","x^2 - 4","2025-10-27T12:10:20.613984+00:00",0
"Сравни рост функций: x^2 и 2^x","2^x растет быстрее","2025-10-27T12:10:20.614030+00:00",0
"Посчитай интеграл x^2 от 0 до 2","8/3","2025-10-27T12:10:20.614072+00:00",0
"Упростите выражение: (x+2)*(x-2)","x^2 - 4","2025-10-27T12:10:20.614115+00:00",0
"Сравни рост функций: x^2 и 2^x","2^x растет быстрее","2025-10-27T12:10:20.614157+00:00",0
"Посчитай интеграл x^2 от 0 до 2","8/3","2025-10-27T12:10:20.614200+00:00",0
"Упростите выражение: (x+2)*(x-2)","x^2 - 4","2025-10-27T12:10:20.614243+00:00",0
"Сравни рост функций: x^2 и 2^x","2^x растет быстрее","2025-10-27T12:10:20.614287+00:00",0
"Посчитай интеграл x^2 от 0 до 2","8/3","2025-10-27T12:10:20.614330+00:00",0
"Упростите выражение: (x+2)*(x-2)","x^2 - 4","2025-10-27T12:10:20.614373+00:00",0
"Сравни рост функций: x^2 и 2^x","2^x растет быстрее","2025-10-27T12:10:20.614415+00:00",0
"Посчитай интеграл x^2 от 0 до 2","8/3","2025-10-27T12:10:20.614457+00:00",0
"Упростите выражение: (x+2)*(x-2)","x^2 - 4","2025-10-27T12:10:20.614500+00:00",0
"Сравни рост функций: x^2 и 2^x","2^x растет быстрее","2025-10-27T12:10:20.614541+00:00",0
"Посчитай интеграл x^2 от 0 до 2","8/3","2025-10-27T12:10:20.614584+00:00",0
"Упростите выражение: (x+2)*(x-2)","x^2 - 4","2025-10-27T12:10:20.614626+00:00",0
"Сравни рост функций: x^2 и 2^x","2^x растет быстрее","2025-10-27T12:10:20.614668+00:00",0
"Посчитай интеграл x^2 от 0 до 2","8/3","2025-10-27T12:10:20.614711+00:00",0
"Упростите выражение: (x+2)*(x-2)","x^2 - 4","2025-10-27T12:10:20.614754+00:00",0
"Сравни рост функций: x^2 и 2^x","2^x растет быстрее","2025-10-27T12:10:20.614795+00:00",0
"Посчитай интеграл x^2 от 0 до 2","8/3","2025-10-27T12:10:20.614838+00:00",0
"Упростите выражение: (x+2)*(x-2)","x^2 - 4","2025-10-27T12:10:20.614881+00:00",0
"Сравни рост функций: x^2 и 2^x","2^x растет быстрее","2025-10-27T12:10:20.614922+00:00",0
"Посчитай интеграл x^2 от 0 до 2","8/3","2025-10-27T12:10:20.614964+00:00",0
"Упростите выражение: (x+2)*(x-2)","x^2 - 4","2025-10-27T12:10:20.615010+00:00",0
